company_id,company_name,broad_sector,pe_ratio,pb_ratio,ev_ebitda,FCF_yield_pct,5yr_median_PE,PE_vs_sector_median_pct,flag
ABB,Abbott India Ltd,Industrials,19.29,14.26,22.84,0.05910130624783241,49.83,-61.28838049367851,Discount
ABB,Abbott India Ltd,Industrials,19.29,14.26,22.84,0.30687672242110975,49.83,-61.28838049367851,Discount
ABB,Abbott India Ltd,Industrials,18.68,4.75,6.12,0.07993289549106125,49.83,-62.512542644992976,Discount
ABB,Abbott India Ltd,Industrials,18.68,4.75,6.12,0.3454483890578881,49.83,-62.512542644992976,Discount
ABB,Abbott India Ltd,Industrials,75.58,4.48,12.63,0.07895921007565868,49.83,51.67569737106162,Caution
ABB,Abbott India Ltd,Industrials,75.58,4.48,12.63,0.3930385081919432,49.83,51.67569737106162,Caution
ADANIENSOL,Adani Energy Solutions Ltd,Energy,76.72,12.85,34.64,1.5072217795699492,42.37,81.07151286287468,Caution
ADANIENSOL,Adani Energy Solutions Ltd,Energy,71.21,6.44,19.65,1.337562167094913,42.37,68.06702855794194,Caution
ADANIENSOL,Adani Energy Solutions Ltd,Energy,28.96,13.96,8.07,1.4345752227323312,42.37,-31.64975218314845,Discount
ADANIGREEN,Adani Green Energy Ltd,Energy,29.07,10.49,5.01,0.33479398282294665,42.37,-31.39013452914798,Discount
ADANIGREEN,Adani Green Energy Ltd,Energy,72.14,14.91,19.59,0.37967806855042124,42.37,70.26197781449139,Caution
ADANIGREEN,Adani Green Energy Ltd,Energy,17.73,4.85,6.97,0.3084273288575089,42.37,-58.15435449610573,Discount
ADANIGREEN,Adani Green Energy Ltd,Energy,9.89,6.92,25.56,1.6179860000671245,42.37,-76.65801274486664,Discount
ADANIPORTS,"Adani Ports & Special Economic Zone Ltd
",Industrials,77.47,0.9,30.06,1.2363533571198817,49.83,55.46859321693759,Caution
ADANIPORTS,"Adani Ports & Special Economic Zone Ltd
",Industrials,15.26,3.96,5.84,1.4199896605129056,49.83,-69.37587798514951,Discount
ADANIPORTS,"Adani Ports & Special Economic Zone Ltd
",Industrials,29.48,7.65,32.57,1.8751855980703553,49.83,-40.83885209713024,Discount
ADANIPORTS,"Adani Ports & Special Economic Zone Ltd
",Industrials,77.47,0.9,30.06,1.2363533571198817,49.83,55.46859321693759,Caution
ADANIPORTS,"Adani Ports & Special Economic Zone Ltd
",Industrials,15.26,3.96,5.84,1.4199896605129056,49.83,-69.37587798514951,Discount
ADANIPORTS,"Adani Ports & Special Economic Zone Ltd
",Industrials,29.48,7.65,32.57,1.8751855980703553,49.83,-40.83885209713024,Discount
ADANIPOWER,Adani Power Ltd,Energy,27.22,4.37,35.21,0.4721201480976103,42.37,-35.75643143733774,Discount
ADANIPOWER,Adani Power Ltd,Energy,66.83,5.7,27.87,0.5007755490711373,42.37,57.72952560774133,Caution
ADANIPOWER,Adani Power Ltd,Energy,66.6,14.89,6.04,0.711171669419018,42.37,57.18668869483125,Caution
AMBUJACEM,Ambuja Cements Ltd,Materials,79.32,9.29,17.71,0.4712148022924288,40.61,95.32134942132478,Caution
APOLLOHOSP,"Apollo Hospitals
Chain of Indian private hospitals",Healthcare,11.18,6.7,8.4,0.10960560472288731,37.955,-70.54406534053484,Discount
APOLLOHOSP,"Apollo Hospitals
Chain of Indian private hospitals",Healthcare,17.38,12.98,28.27,0.0952147987777324,37.955,-54.20893162956132,Discount
ASIANPAINT,"Asian Paints
Indian Multi-National Paint and Coating Manufacturing Company",Materials,13.27,6.46,22.97,0.2644581664786269,40.61,-67.32331937946319,Discount
ASIANPAINT,"Asian Paints
Indian Multi-National Paint and Coating Manufacturing Company",Materials,13.27,6.46,22.97,0.2644581664786269,40.61,-67.32331937946319,Discount
ASIANPAINT,"Asian Paints
Indian Multi-National Paint and Coating Manufacturing Company",Materials,78.48,8.21,23.03,0.2901588013988191,40.61,93.25289337601578,Caution
ASIANPAINT,"Asian Paints
Indian Multi-National Paint and Coating Manufacturing Company",Materials,78.48,8.21,23.03,0.2901588013988191,40.61,93.25289337601578,Caution
ASIANPAINT,"Asian Paints
Indian Multi-National Paint and Coating Manufacturing Company",Materials,73.37,3.9,23.94,0.28701404663859764,40.61,80.66978576705246,Caution
ASIANPAINT,"Asian Paints
Indian Multi-National Paint and Coating Manufacturing Company",Materials,73.37,3.9,23.94,0.28701404663859764,40.61,80.66978576705246,Caution
BAJAJ-AUTO,Bajaj Auto Ltd,Consumer Discretionary,79.31,9.65,32.77,1.0959637845741703,44.144999999999996,79.6579454071809,Caution
BAJAJ-AUTO,Bajaj Auto Ltd,Consumer Discretionary,79.31,9.65,32.77,1.0959637845741703,44.144999999999996,79.6579454071809,Caution
BAJAJ-AUTO,Bajaj Auto Ltd,Consumer Discretionary,78.58,8.54,37.84,0.9548161009171681,44.144999999999996,78.00430399818781,Caution
BAJAJ-AUTO,Bajaj Auto Ltd,Consumer Discretionary,78.58,8.54,37.84,0.9548161009171681,44.144999999999996,78.00430399818781,Caution
BAJAJ-AUTO,Bajaj Auto Ltd,Consumer Discretionary,29.91,9.83,20.14,1.0030324985282584,44.144999999999996,-32.24600747536527,Discount
BAJAJ-AUTO,Bajaj Auto Ltd,Consumer Discretionary,29.91,9.83,20.14,1.0030324985282584,44.144999999999996,-32.24600747536527,Discount
AXISBANK,Axis Bank Ltd,Financials,65.08,0.53,17.04,4.9943184209349685,37.82,72.07826546800634,Caution
AXISBANK,Axis Bank Ltd,Financials,60.2,4.08,30.21,1.6471917180561668,37.82,59.17503966155474,Caution
AXISBANK,Axis Bank Ltd,Financials,56.88,1.27,7.1,3.8323532005236416,37.82,50.39661554732946,Caution
BAJAJFINSV,Bajaj Finserv Ltd,Financials,59.39,12.5,8.52,-1.7930215961596472,37.82,57.033315705975674,Caution
BAJAJFINSV,Bajaj Finserv Ltd,Financials,76.89,13.57,9.02,-2.138967551569679,37.82,103.3051295610788,Caution
BAJAJFINSV,Bajaj Finserv Ltd,Financials,15.07,6.08,39.72,-3.6047221303509915,37.82,-60.15335801163405,Discount
BAJAJHLDNG,Bajaj Holdings & Investment Ltd,Financials,76.88,9.04,7.28,0.06190378485950724,37.82,103.27868852459015,Caution
BAJAJHLDNG,Bajaj Holdings & Investment Ltd,Financials,79.41,5.56,9.53,0.11545444601769254,37.82,109.96827075621363,Caution
BAJFINANCE,Bajaj Finance Ltd,Financials,58.62,5.53,16.56,-3.356572708040173,37.82,54.99735589635113,Caution
BAJFINANCE,Bajaj Finance Ltd,Financials,19.1,4.67,26.51,-2.2209929900805334,37.82,-49.49762030671602,Discount
BAJFINANCE,Bajaj Finance Ltd,Financials,69.2,4.11,15.96,-2.941852426897656,37.82,82.97197250132206,Caution
BANKBARODA,Bank of Baroda,Financials,71.63,11.42,18.25,3.9342749550141103,37.82,89.39714436805922,Caution
BANKBARODA,Bank of Baroda,Financials,67.24,12.42,14.95,-0.2078521528655805,37.82,77.78952934955049,Caution
BANKBARODA,Bank of Baroda,Financials,74.28,5.71,32.29,1.3101655831991117,37.82,96.40401903754628,Caution
BANKBARODA,Bank of Baroda,Financials,16.89,4.15,24.7,-1.061642582744582,37.82,-55.34108937070334,Discount
BHARTIARTL,Bharti Airtel Ltd,Communication Services,79.6,5.46,17.05,9.23810147918673,48.23,65.04250466514617,Caution
BHARTIARTL,Bharti Airtel Ltd,Communication Services,15.3,7.28,28.35,20.69134902874065,48.23,-68.27700601285505,Discount
BEL,Bharat Electronics Ltd,Industrials,18.0,12.66,25.88,0.11354535581549055,49.83,-63.87718242022877,Discount
BEL,Bharat Electronics Ltd,Industrials,17.89,9.22,23.14,0.3438932044119365,49.83,-64.09793297210516,Discount
BHEL,"Bharat Heavy Electricals Limited
",Industrials,23.85,9.42,38.85,0.14585859385022598,49.83,-52.13726670680313,Discount
BHEL,"Bharat Heavy Electricals Limited
",Industrials,31.13,9.5,34.44,-0.14838120906776192,49.83,-37.52759381898454,Discount
BHEL,"Bharat Heavy Electricals Limited
",Industrials,29.8,11.43,21.59,-0.6875240311683734,49.83,-40.19666867348986,Discount
BOSCHLTD,Bosch Ltd,Consumer Discretionary,21.27,6.04,18.2,0.014951480212264896,44.144999999999996,-51.81787291879034,Discount
BOSCHLTD,Bosch Ltd,Consumer Discretionary,28.16,4.01,5.63,0.05199542308360963,44.144999999999996,-36.21021633254048,Discount
BPCL,Bharat Petroleum Corporation Ltd,Energy,25.37,3.65,15.58,2.4331929585978216,42.37,-40.12272834552749,Discount
BPCL,Bharat Petroleum Corporation Ltd,Energy,12.13,1.78,14.21,4.485431078898876,42.37,-71.37125324522067,Discount
BPCL,Bharat Petroleum Corporation Ltd,Energy,24.26,4.29,7.37,3.71560310481613,42.37,-42.74250649044134,Discount
BPCL,Bharat Petroleum Corporation Ltd,Energy,68.15,0.72,26.59,7.667784038791442,42.37,60.844937455747015,Caution
BRITANNIA,Britannia Industries Ltd,Consumer Staples,18.2,4.8,10.98,0.7400594745877541,37.735,-51.76891480058301,Discount
BRITANNIA,Britannia Industries Ltd,Consumer Staples,73.25,8.4,21.29,0.4107634949552871,37.735,94.11686762952168,Caution
BRITANNIA,Britannia Industries Ltd,Consumer Staples,25.49,4.57,25.98,0.8861172370289241,37.735,-32.44998012455281,Discount
BRITANNIA,Britannia Industries Ltd,Consumer Staples,63.91,4.26,33.95,0.7923121639717275,37.735,69.36531071949118,Caution
CANBK,Canara Bank,Financials,24.47,4.6,11.33,6.648288755555323,37.82,-35.29878371232152,Discount
CANBK,Canara Bank,Financials,74.19,6.84,37.94,0.31726747021759505,37.82,96.1660497091486,Caution
CHOLAFIN,Cholamandalam Investment & Finance Company Ltd,Financials,18.46,1.7,37.73,-0.5759855720838062,37.82,-51.18984664198837,Discount
CHOLAFIN,Cholamandalam Investment & Finance Company Ltd,Financials,23.52,9.62,7.16,-0.7202167578941227,37.82,-37.81068217874141,Discount
CHOLAFIN,Cholamandalam Investment & Finance Company Ltd,Financials,16.79,10.36,13.52,-3.6713475293064755,37.82,-55.60549973558964,Discount
CIPLA,"Cipla Ltd
",Healthcare,61.2,2.74,26.27,0.4783613078516969,37.955,61.24357792122252,Caution
CIPLA,"Cipla Ltd
",Healthcare,76.56,11.34,5.68,1.3014644264888182,37.955,101.7125543406666,Caution
CIPLA,"Cipla Ltd
",Healthcare,59.75,5.93,33.7,0.9399659825083108,37.955,57.423264392043215,Caution
COALINDIA,Coal India Ltd,Materials,76.5,6.82,20.03,8.734240079460438,40.61,88.3772469835016,Caution
COALINDIA,Coal India Ltd,Materials,23.41,11.71,16.21,2.154152391673987,40.61,-42.35409997537552,Discount
COALINDIA,Coal India Ltd,Materials,77.94,9.67,39.51,3.9323776576498446,40.61,91.9231716326028,Caution
COALINDIA,Coal India Ltd,Materials,10.93,0.98,21.27,11.42656749353779,40.61,-73.08544693425264,Discount
DABUR,Dabur India Ltd,Consumer Staples,11.83,8.9,33.07,2.716433516694106,37.735,-68.64979462037897,Discount
DABUR,Dabur India Ltd,Consumer Staples,12.36,12.35,6.51,3.3164865133658106,37.735,-67.24526301841792,Discount
DABUR,Dabur India Ltd,Consumer Staples,78.3,2.21,9.99,4.400726171836393,37.735,107.4996687425467,Caution
DABUR,Dabur India Ltd,Consumer Staples,74.55,11.51,20.37,2.4023543072210765,37.735,97.56194514376573,Caution
DIVISLAB,Divis Laboratories Ltd,Healthcare,74.55,13.82,30.19,0.09436026686586904,37.955,96.41680937952839,Caution
DIVISLAB,Divis Laboratories Ltd,Healthcare,9.75,6.26,21.89,0.12202766508185507,37.955,-74.31168489000132,Discount
DIVISLAB,Divis Laboratories Ltd,Healthcare,15.26,3.01,17.21,0.18645980320187652,37.955,-59.794493479120014,Discount
DIVISLAB,Divis Laboratories Ltd,Healthcare,69.95,12.34,31.81,0.07807910927054937,37.955,84.2971940455803,Caution
DLF,DLF Ltd,Real Estate,11.24,14.12,15.78,0.17569261308879008,49.505,-77.29522270477729,Discount
DLF,DLF Ltd,Real Estate,16.81,4.75,14.05,0.21005245948919146,49.505,-66.04383395616605,Discount
DMART,Avenue Supermarts Ltd,Consumer Discretionary,67.17,4.98,36.17,0.04368688297657454,44.144999999999996,52.15766224940539,Caution
DMART,Avenue Supermarts Ltd,Consumer Discretionary,14.9,12.05,11.12,0.05992965078399729,44.144999999999996,-66.24759315890815,Discount
DMART,Avenue Supermarts Ltd,Consumer Discretionary,12.31,5.66,32.01,0.05148261507324139,44.144999999999996,-72.11462226752747,Discount
DMART,Avenue Supermarts Ltd,Consumer Discretionary,72.53,11.71,36.84,0.08994169599977297,44.144999999999996,64.29946766338205,Caution
DRREDDY,Dr Reddys Laboratories Ltd,Healthcare,10.84,10.04,34.68,0.18222661995798387,37.955,-71.43986299565275,Discount
DRREDDY,Dr Reddys Laboratories Ltd,Healthcare,15.23,4.3,13.61,0.2207346629552658,37.955,-59.873534448689234,Discount
DRREDDY,Dr Reddys Laboratories Ltd,Healthcare,13.03,7.54,16.33,0.15294756565694576,37.955,-65.6698722170992,Discount
DRREDDY,Dr Reddys Laboratories Ltd,Healthcare,11.34,10.95,23.9,0.26610992084269347,37.955,-70.12251350283229,Discount
DRREDDY,Dr Reddys Laboratories Ltd,Healthcare,11.73,10.19,14.56,0.1860510237335745,37.955,-69.09498089843235,Discount
EICHERMOT,Eicher Motors Ltd,Consumer Discretionary,70.5,14.42,38.01,1.1362919827422138,44.144999999999996,59.7009853890588,Caution
EICHERMOT,Eicher Motors Ltd,Consumer Discretionary,18.91,9.77,22.08,0.9419796686978543,44.144999999999996,-57.163891720466644,Discount
EICHERMOT,Eicher Motors Ltd,Consumer Discretionary,70.14,9.33,25.09,0.790994839495406,44.144999999999996,58.88549099558276,Caution
EICHERMOT,Eicher Motors Ltd,Consumer Discretionary,17.97,6.97,27.95,0.6605190096246314,44.144999999999996,-59.293238192320764,Discount
EICHERMOT,Eicher Motors Ltd,Consumer Discretionary,24.82,5.49,35.51,1.231451238456944,44.144999999999996,-43.7761920942349,Discount
EICHERMOT,Eicher Motors Ltd,Consumer Discretionary,15.62,13.61,19.29,1.6745219462423597,44.144999999999996,-64.61660437195606,Discount
GAIL,GAIL (India) Ltd,Energy,13.48,0.96,26.22,1.2001525925475633,42.37,-68.1850365824876,Discount
GAIL,GAIL (India) Ltd,Energy,25.86,4.98,34.59,1.1704281544003015,42.37,-38.96624970497994,Discount
GAIL,GAIL (India) Ltd,Energy,66.94,6.52,20.9,0.7789187283392686,42.37,57.9891432617418,Caution
GAIL,GAIL (India) Ltd,Energy,25.84,9.54,33.07,0.8216114921735694,42.37,-39.0134529147982,Discount
GODREJCP,Godrej Consumer Products Ltd,Consumer Staples,19.23,4.8,17.68,0.17803833624946386,37.735,-49.03935338545117,Discount
GRASIM,Grasim Industries Ltd,Industrials,23.28,10.84,11.26,4.57996663072688,49.83,-53.28115593016255,Discount
GRASIM,Grasim Industries Ltd,Industrials,15.68,3.37,31.76,4.467377873224083,49.83,-68.53301224162152,Discount
GRASIM,Grasim Industries Ltd,Industrials,79.35,5.68,15.23,-2.238012165816595,49.83,59.2414208308248,Caution
HAL,Hindustan Aeronautics Ltd,Industrials,8.56,2.01,35.03,0.8401407985764935,49.83,-82.8215934176199,Discount
HAL,Hindustan Aeronautics Ltd,Industrials,11.8,2.43,27.48,0.416326273449297,49.83,-76.31948625326109,Discount
HAVELLS,Havells India Ltd,Industrials,10.08,13.71,36.18,0.047263073157487956,49.83,-79.77122215532812,Discount
HAVELLS,Havells India Ltd,Industrials,28.52,9.54,31.71,0.030416033688651443,49.83,-42.765402368051376,Discount
HAVELLS,Havells India Ltd,Industrials,79.91,10.23,19.2,0.07860464706033563,49.83,60.36524182219546,Caution
HCLTECH,HCL Technologies Ltd,Information Technology,77.74,7.77,10.85,7.541753841045063,49.555,56.87619816365653,Caution
HCLTECH,HCL Technologies Ltd,Information Technology,9.19,2.28,10.69,4.670551574531398,49.555,-81.45494904651397,Discount
HDFCBANK,HDFC Bank Ltd,Financials,63.58,0.79,38.51,-10.872212303082735,37.82,68.11210999471179,Caution
HDFCBANK,HDFC Bank Ltd,Financials,11.64,8.0,17.14,7.404954094898124,37.82,-69.22263352723427,Discount
HDFCBANK,HDFC Bank Ltd,Financials,8.14,1.61,21.19,-1.575675677990123,37.82,-78.47699629825489,Discount
HDFCLIFE,HDFC Life Insurance Company Ltd,Financials,67.68,5.98,13.85,16.938714776162726,37.82,78.95293495505025,Caution
HDFCLIFE,HDFC Life Insurance Company Ltd,Financials,61.1,11.85,10.53,17.81462537878186,37.82,61.55473294553146,Caution
HEROMOTOCO,"Hero MotoCorp Ltd
",Consumer Discretionary,75.71,11.62,38.88,0.4767599730920058,44.144999999999996,71.50300147242044,Caution
HEROMOTOCO,"Hero MotoCorp Ltd
",Consumer Discretionary,66.93,12.26,22.34,0.17239021715341818,44.144999999999996,51.613999320421364,Caution
HEROMOTOCO,"Hero MotoCorp Ltd
",Consumer Discretionary,11.61,7.5,36.98,0.16951596150361253,44.144999999999996,-73.70030581039755,Discount
HINDALCO,Hindalco Industries Ltd,Materials,24.15,12.33,39.34,4.843925461867504,40.61,-40.53188869736518,Discount
HINDALCO,Hindalco Industries Ltd,Materials,9.47,3.28,25.46,4.43436746470668,40.61,-76.68062053681359,Discount
HINDALCO,Hindalco Industries Ltd,Materials,71.42,2.69,7.86,3.5723251996539784,40.61,75.8680128047279,Caution
HINDUNILVR,"Hindustan Unilever Ltd
",Consumer Staples,13.37,1.78,25.05,1.5829300750737338,37.735,-64.56870279581291,Discount
HINDUNILVR,"Hindustan Unilever Ltd
",Consumer Staples,22.92,6.47,12.11,2.0871226830316654,37.735,-39.260633364250694,Discount
HINDUNILVR,"Hindustan Unilever Ltd
",Consumer Staples,14.47,14.18,34.17,2.7509390510434146,37.735,-61.65363720683715,Discount
HINDUNILVR,"Hindustan Unilever Ltd
",Consumer Staples,20.69,4.16,13.57,2.079708888565001,37.735,-45.17026633099244,Discount
ICICIBANK,ICICI Bank Ltd,Financials,75.38,9.81,5.65,7.675584939073872,37.82,99.31253305129559,Caution
ICICIBANK,ICICI Bank Ltd,Financials,19.43,8.09,31.06,12.328490996265876,37.82,-48.62506610259123,Discount
ICICIBANK,ICICI Bank Ltd,Financials,12.77,9.84,34.73,16.20871949835848,37.82,-66.23479640401904,Discount
ICICIBANK,ICICI Bank Ltd,Financials,78.39,13.83,10.71,5.532373701823384,37.82,107.27128503437335,Caution
ICICIBANK,ICICI Bank Ltd,Financials,78.87,1.36,26.95,-0.31834167741396946,37.82,108.5404547858276,Caution
ICICIBANK,ICICI Bank Ltd,Financials,25.76,6.2,38.28,11.922482849094084,37.82,-31.887890005288206,Discount
ICICIGI,ICICI Lombard General Insurance Company Ltd,Financials,63.73,12.4,13.56,0.35957992510225645,37.82,68.50872554204123,Caution
ICICIGI,ICICI Lombard General Insurance Company Ltd,Financials,66.71,8.08,12.94,0.0861430355591849,37.82,76.38815441565308,Caution
ICICIGI,ICICI Lombard General Insurance Company Ltd,Financials,15.87,12.74,8.84,0.18437650648789927,37.82,-58.038075092543636,Discount
ICICIPRULI,ICICI Prudential Life Insurance Company Ltd,Financials,76.8,0.56,32.16,0.7084048880696927,37.82,103.06716023268112,Caution
ICICIPRULI,ICICI Prudential Life Insurance Company Ltd,Financials,71.57,4.53,11.31,0.10753800224732694,37.82,89.23849814912742,Caution
ICICIPRULI,ICICI Prudential Life Insurance Company Ltd,Financials,20.83,12.38,22.57,-0.4580499077779285,37.82,-44.92332099418297,Discount
INDUSINDBK,IndusInd Bank Ltd,Financials,68.96,5.36,33.37,-0.4893040201345426,37.82,82.3373876255949,Caution
INDUSINDBK,IndusInd Bank Ltd,Financials,60.27,1.94,31.44,-0.9353457897400934,37.82,59.360126916975155,Caution
INDUSINDBK,IndusInd Bank Ltd,Financials,71.98,0.61,32.08,0.9022150717027819,37.82,90.3225806451613,Caution
INDUSINDBK,IndusInd Bank Ltd,Financials,8.99,3.7,28.79,-0.9318740380280294,37.82,-76.22950819672131,Discount
INFY,Infosys Ltd,Information Technology,32.63,10.31,30.95,3.131655572581789,49.555,-34.15397033599031,Discount
INFY,Infosys Ltd,Information Technology,26.14,13.59,31.82,3.6313169575454136,49.555,-47.250529714458686,Discount
INFY,Infosys Ltd,Information Technology,31.65,1.88,24.03,3.721636165483392,49.555,-36.13157098173747,Discount
IOC,"Indian Oil Corporation
",Energy,15.28,13.46,10.22,1.1355147456170374,42.37,-63.93674769884352,Discount
IOC,"Indian Oil Corporation
",Energy,79.84,7.17,29.72,1.6032369457924585,42.37,88.43521359452444,Caution
IOC,"Indian Oil Corporation
",Energy,77.78,0.97,16.74,1.778292791888969,42.37,83.57328298324288,Caution
IOC,"Indian Oil Corporation
",Energy,28.61,4.24,33.71,5.013452848584903,42.37,-32.47580835496813,Discount
IRCTC,Indian Railway Catering & Tourism Corporation Ltd,Consumer Discretionary,12.08,2.09,33.44,0.03961924663987393,44.144999999999996,-72.63563257447049,Discount
IRCTC,Indian Railway Catering & Tourism Corporation Ltd,Consumer Discretionary,22.05,11.74,14.17,0.05973511786161755,44.144999999999996,-50.05096839959224,Discount
IRFC,Indian Railway Finance Corporation Ltd,Financials,24.73,1.86,14.21,-3.3058608546632215,37.82,-34.61131676361713,Discount
IRFC,Indian Railway Finance Corporation Ltd,Financials,74.92,11.42,32.61,-6.0678041939624325,37.82,98.09624537281861,Caution
IRFC,Indian Railway Finance Corporation Ltd,Financials,9.81,3.91,16.66,0.3022515817966453,37.82,-74.06134320465362,Discount
ITC,"ITC Ltd
",Consumer Staples,69.58,1.15,17.46,5.831032949205599,37.735,84.39114880084801,Caution
ITC,"ITC Ltd
",Consumer Staples,72.45,1.41,34.43,5.2102554426154555,37.735,91.9968199284484,Caution
ITC,"ITC Ltd
",Consumer Staples,73.65,6.34,27.19,3.4145617607461523,37.735,95.17689148005832,Caution
JINDALSTEL,Jindal Steel & Power Ltd,Materials,73.96,8.84,9.73,1.7423006649863872,40.61,82.12262989411474,Caution
JINDALSTEL,Jindal Steel & Power Ltd,Materials,77.64,5.73,20.22,1.5149224017057301,40.61,91.18443733070673,Caution
JIOFIN,Jio Financial Services Ltd,Financials,65.98,7.88,14.61,0.18068888627063415,37.82,74.45795875198309,Caution
JSWENERGY,JSW Energy Ltd,Energy,71.29,3.09,30.82,5.54499093244118,42.37,68.25584139721504,Caution
JSWENERGY,JSW Energy Ltd,Energy,24.79,9.88,35.95,5.622774600247695,42.37,-41.49162143025726,Discount
JSWSTEEL,JSW Steel Ltd,Materials,8.68,9.24,33.75,1.1096601057761146,40.61,-78.62595419847328,Discount
JSWSTEEL,JSW Steel Ltd,Materials,69.27,4.37,35.49,0.4622898870837622,40.61,70.57375030780595,Caution
KOTAKBANK,"Kotak Mahindra Bank Ltd
",Financials,73.13,3.75,28.96,1.8255087825693355,37.82,93.36329984135376,Caution
KOTAKBANK,"Kotak Mahindra Bank Ltd
",Financials,75.47,6.71,29.17,-0.26574085576514944,37.82,99.55050237969328,Caution
LICI,Life Insurance Corporation of India,Financials,20.36,2.12,10.34,27.656945420175273,37.82,-46.1660497091486,Discount
LICI,Life Insurance Corporation of India,Financials,13.18,2.48,28.3,-2.2027235864881685,37.82,-65.15071390798519,Discount
LICI,Life Insurance Corporation of India,Financials,76.58,7.85,20.73,26.71029493517564,37.82,102.48545742993124,Caution
LODHA,Macrotech Developers Ltd,Real Estate,13.49,1.97,18.41,0.1510707319593967,49.505,-72.75022724977275,Discount
LT,Larsen & Toubro Ltd,Industrials,18.62,6.6,10.51,1.104286041956403,49.83,-62.63295203692555,Discount
LT,Larsen & Toubro Ltd,Industrials,13.01,9.07,9.08,3.3417700209049626,49.83,-73.89123018262092,Discount
LT,Larsen & Toubro Ltd,Industrials,18.77,11.91,15.77,2.2179459161225954,49.83,-62.331928557094116,Discount
LT,Larsen & Toubro Ltd,Industrials,29.41,13.63,6.88,2.4289590010873314,49.83,-40.97932972105157,Discount
LT,Larsen & Toubro Ltd,Industrials,30.8,2.48,16.63,1.624225556254571,49.83,-38.18984547461368,Discount
LTIM,LTIMindtree Ltd,Information Technology,30.49,14.47,39.4,0.18103748919045895,49.555,-38.47240439915246,Discount
M&M,"Mahindra & Mahindra Ltd
",Consumer Discretionary,76.49,7.02,9.79,-0.25455360204941474,44.144999999999996,73.26990599161853,Caution
M&M,"Mahindra & Mahindra Ltd
",Consumer Discretionary,8.87,14.35,22.42,0.5878381920446071,44.144999999999996,-79.9071242496319,Discount
M&M,"Mahindra & Mahindra Ltd
",Consumer Discretionary,14.22,0.81,29.08,-0.1349121657579849,44.144999999999996,-67.78797145769623,Discount
MARUTI,Maruti Suzuki India Ltd,Consumer Discretionary,11.64,1.03,22.36,0.25904508793124714,44.144999999999996,-73.63234794427454,Discount
MARUTI,Maruti Suzuki India Ltd,Consumer Discretionary,14.7,14.19,31.01,0.7174765015997039,44.144999999999996,-66.70064559972818,Discount
MARUTI,Maruti Suzuki India Ltd,Consumer Discretionary,20.78,8.26,29.97,1.117189063213132,44.144999999999996,-52.927851398799405,Discount
MOTHERSON,Samvardhana Motherson International Ltd,Consumer Discretionary,76.33,10.98,30.36,1.8036623793008983,44.144999999999996,72.90746403896252,Caution
MOTHERSON,Samvardhana Motherson International Ltd,Consumer Discretionary,26.19,14.98,14.34,3.6913115843025044,44.144999999999996,-40.67278287461773,Discount
MOTHERSON,Samvardhana Motherson International Ltd,Consumer Discretionary,9.54,2.38,33.39,5.178884656132732,44.144999999999996,-78.38939857288482,Discount
NAUKRI,Info Edge (India) Ltd,Communication Services,24.1,14.39,17.67,0.11417155218872656,48.23,-50.0311009744972,Discount
NAUKRI,Info Edge (India) Ltd,Communication Services,26.32,6.43,35.18,0.10843824268577858,48.23,-45.42815674891146,Discount
NAUKRI,Info Edge (India) Ltd,Communication Services,32.88,8.33,11.87,0.12450684117204995,48.23,-31.82666390213559,Discount
NESTLEIND,Nestle India Ltd,Consumer Staples,64.83,4.06,23.34,0.19674768447693003,37.735,71.80336557572545,Caution
NESTLEIND,Nestle India Ltd,Consumer Staples,79.55,5.8,24.33,0.2218544035725972,37.735,110.8122432754737,Caution
NESTLEIND,Nestle India Ltd,Consumer Staples,20.87,13.55,10.3,0.15688792839236412,37.735,-44.69325559825096,Discount
NESTLEIND,Nestle India Ltd,Consumer Staples,11.53,1.76,33.06,0.18723531621936304,37.735,-69.44481250828143,Discount
NHPC,"NHPC Ltd
",Energy,78.1,6.89,38.35,0.3780547184575399,42.37,84.32853434033514,Caution
NHPC,"NHPC Ltd
",Energy,71.17,13.74,18.26,0.39864301641414635,42.37,67.97262213830541,Caution
NTPC,NTPC Ltd,Energy,22.83,7.06,14.72,4.343722053425963,42.37,-46.117535992447486,Discount
NTPC,NTPC Ltd,Energy,79.29,12.24,9.96,4.942890545825544,42.37,87.13712532452209,Caution
ONGC,Oil & Natural Gas Corpn Ltd,Energy,16.47,6.68,11.25,14.920260480522508,42.37,-61.1281567146566,Discount
ONGC,Oil & Natural Gas Corpn Ltd,Energy,18.15,10.36,11.72,25.444806036640085,42.37,-57.163087089922115,Discount
PFC,Power Finance Corporation Ltd,Financials,71.66,1.56,34.04,-3.5152719615297783,37.82,89.47646747752512,Caution
PFC,Power Finance Corporation Ltd,Financials,15.39,8.05,39.59,0.3259329256756952,37.82,-59.307244843997886,Discount
PIDILITIND,Pidilite Industries Ltd,Materials,17.69,11.27,15.11,0.4807686016341694,40.61,-56.439300664860866,Discount
PIDILITIND,Pidilite Industries Ltd,Materials,78.98,3.06,24.87,0.6843538269680853,40.61,94.48411721250925,Caution
PIDILITIND,Pidilite Industries Ltd,Materials,68.76,12.53,39.1,0.718091436769934,40.61,69.31790199458263,Caution
PNB,Punjab National Bank,Financials,70.8,13.8,38.18,-3.0037819416986813,37.82,87.2025383395029,Caution
PNB,Punjab National Bank,Financials,70.8,13.8,38.18,-3.0037819416986813,37.82,87.2025383395029,Caution
PNB,Punjab National Bank,Financials,70.8,13.8,38.18,-3.0037819416986813,37.82,87.2025383395029,Caution
PNB,Punjab National Bank,Financials,70.8,13.8,38.18,-3.0037819416986813,37.82,87.2025383395029,Caution
PNB,Punjab National Bank,Financials,70.8,13.8,38.18,-3.0037819416986813,37.82,87.2025383395029,Caution
PNB,Punjab National Bank,Financials,19.1,9.35,5.92,-0.8773097263296327,37.82,-49.49762030671602,Discount
PNB,Punjab National Bank,Financials,19.1,9.35,5.92,-0.8773097263296327,37.82,-49.49762030671602,Discount
PNB,Punjab National Bank,Financials,19.1,9.35,5.92,-0.8773097263296327,37.82,-49.49762030671602,Discount
PNB,Punjab National Bank,Financials,19.1,9.35,5.92,-0.8773097263296327,37.82,-49.49762030671602,Discount
PNB,Punjab National Bank,Financials,19.1,9.35,5.92,-0.8773097263296327,37.82,-49.49762030671602,Discount
PNB,Punjab National Bank,Financials,20.42,9.61,11.26,1.7443265553349727,37.82,-46.00740349021682,Discount
PNB,Punjab National Bank,Financials,20.42,9.61,11.26,1.7443265553349727,37.82,-46.00740349021682,Discount
PNB,Punjab National Bank,Financials,20.42,9.61,11.26,1.7443265553349727,37.82,-46.00740349021682,Discount
PNB,Punjab National Bank,Financials,20.42,9.61,11.26,1.7443265553349727,37.82,-46.00740349021682,Discount
PNB,Punjab National Bank,Financials,20.42,9.61,11.26,1.7443265553349727,37.82,-46.00740349021682,Discount
PNB,Punjab National Bank,Financials,21.47,10.12,21.68,0.950727110465278,37.82,-43.231094658910635,Discount
PNB,Punjab National Bank,Financials,21.47,10.12,21.68,0.950727110465278,37.82,-43.231094658910635,Discount
PNB,Punjab National Bank,Financials,21.47,10.12,21.68,0.950727110465278,37.82,-43.231094658910635,Discount
PNB,Punjab National Bank,Financials,21.47,10.12,21.68,0.950727110465278,37.82,-43.231094658910635,Discount
PNB,Punjab National Bank,Financials,21.47,10.12,21.68,0.950727110465278,37.82,-43.231094658910635,Discount
PNB,Punjab National Bank,Financials,20.74,8.38,38.52,1.0826250454330415,37.82,-45.16129032258065,Discount
PNB,Punjab National Bank,Financials,20.74,8.38,38.52,1.0826250454330415,37.82,-45.16129032258065,Discount
PNB,Punjab National Bank,Financials,20.74,8.38,38.52,1.0826250454330415,37.82,-45.16129032258065,Discount
PNB,Punjab National Bank,Financials,20.74,8.38,38.52,1.0826250454330415,37.82,-45.16129032258065,Discount
PNB,Punjab National Bank,Financials,20.74,8.38,38.52,1.0826250454330415,37.82,-45.16129032258065,Discount
PNB,Punjab National Bank,Financials,19.29,10.91,23.64,-1.5301280621729603,37.82,-48.99524061343205,Discount
PNB,Punjab National Bank,Financials,19.29,10.91,23.64,-1.5301280621729603,37.82,-48.99524061343205,Discount
PNB,Punjab National Bank,Financials,19.29,10.91,23.64,-1.5301280621729603,37.82,-48.99524061343205,Discount
PNB,Punjab National Bank,Financials,19.29,10.91,23.64,-1.5301280621729603,37.82,-48.99524061343205,Discount
PNB,Punjab National Bank,Financials,19.29,10.91,23.64,-1.5301280621729603,37.82,-48.99524061343205,Discount
POWERGRID,Power Grid Corporation of India Ltd,Energy,70.85,7.24,8.63,9.177559209375616,42.37,67.21737078121312,Caution
POWERGRID,Power Grid Corporation of India Ltd,Energy,70.85,7.24,8.63,9.177559209375616,42.37,67.21737078121312,Caution
POWERGRID,Power Grid Corporation of India Ltd,Energy,65.69,3.16,26.9,9.652963687837108,42.37,55.038942648100075,Caution
POWERGRID,Power Grid Corporation of India Ltd,Energy,65.69,3.16,26.9,9.652963687837108,42.37,55.038942648100075,Caution
POWERGRID,Power Grid Corporation of India Ltd,Energy,64.39,5.1,23.07,10.008474861953367,42.37,51.97073400991269,Caution
POWERGRID,Power Grid Corporation of India Ltd,Energy,64.39,5.1,23.07,10.008474861953367,42.37,51.97073400991269,Caution
RECLTD,REC Ltd,Financials,16.55,4.55,29.01,-14.191774804531232,37.82,-56.24008461131677,Discount
RECLTD,REC Ltd,Financials,77.79,3.64,31.21,-0.22614955421891383,37.82,105.68482284505554,Caution
RECLTD,REC Ltd,Financials,74.2,3.44,37.68,-11.517641660518374,37.82,96.19249074563724,Caution
RELIANCE,"Reliance Industries Ltd
",Energy,14.91,14.48,36.28,5.645115001889976,42.37,-64.81000708048147,Discount
RELIANCE,"Reliance Industries Ltd
",Energy,75.41,8.7,27.55,25.578922356034173,42.37,77.97970261977815,Caution
SBILIFE,SBI Life Insurance Company Ltd,Financials,10.2,6.98,11.33,3.0862993687359173,37.82,-73.03014278159704,Discount
SBILIFE,SBI Life Insurance Company Ltd,Financials,76.94,1.19,19.05,3.648736818560044,37.82,103.43733474352194,Caution
SBILIFE,SBI Life Insurance Company Ltd,Financials,60.68,3.62,20.65,4.074632432777381,37.82,60.444209413008984,Caution
SBILIFE,SBI Life Insurance Company Ltd,Financials,69.98,9.48,31.04,3.286545001905038,37.82,85.03437334743523,Caution
SHREECEM,Shree Cement Ltd,Materials,67.14,8.03,17.84,0.2899770515971284,40.61,65.32873676434376,Caution
SHREECEM,Shree Cement Ltd,Materials,25.68,0.89,5.28,0.13809087593884134,40.61,-36.76434375769515,Discount
SHREECEM,Shree Cement Ltd,Materials,25.87,1.21,26.58,0.10610715872600307,40.61,-36.29647869982763,Discount
SHRIRAMFIN,"Shriram Finance Ltd
",Financials,79.88,0.51,8.83,-0.930410051629101,37.82,111.21099947117925,Caution
SHRIRAMFIN,"Shriram Finance Ltd
",Financials,11.8,11.36,6.84,-0.48007666263173665,37.82,-68.79957694341618,Discount
SHRIRAMFIN,"Shriram Finance Ltd
",Financials,68.53,7.91,28.82,-3.579215333942655,37.82,81.20042305658382,Caution
SIEMENS,Siemens Ltd,Industrials,23.09,1.05,25.6,0.1337299527717912,49.83,-53.66245233794903,Discount
SIEMENS,Siemens Ltd,Industrials,10.54,5.57,28.22,0.15604806069571625,49.83,-78.84808348384507,Discount
SIEMENS,Siemens Ltd,Industrials,76.63,4.67,22.06,0.11087514934417803,49.83,53.782861729881596,Caution
SIEMENS,Siemens Ltd,Industrials,33.32,9.25,30.88,0.140179233839905,49.83,-33.13265101344571,Discount
SUNPHARMA,Sun Pharmaceuticals Industries Ltd,Healthcare,74.3,10.71,27.29,0.2894757034776986,37.955,95.75813463311816,Caution
SUNPHARMA,Sun Pharmaceuticals Industries Ltd,Healthcare,12.16,2.14,10.38,0.776209356822611,37.955,-67.96206033460676,Discount
SUNPHARMA,Sun Pharmaceuticals Industries Ltd,Healthcare,11.76,9.71,27.83,1.105746888396259,37.955,-69.01593992886313,Discount
SUNPHARMA,Sun Pharmaceuticals Industries Ltd,Healthcare,24.58,7.54,21.04,0.46600030658854613,37.955,-35.23909893294691,Discount
TATACONSUM,Tata Consumer Products Ltd,Consumer Staples,20.52,1.59,19.93,0.07034526864757604,37.735,-45.62077646747052,Discount
TATACONSUM,Tata Consumer Products Ltd,Consumer Staples,14.67,8.63,5.95,0.35168124599950396,37.735,-61.12362528156883,Discount
TATACONSUM,Tata Consumer Products Ltd,Consumer Staples,66.35,4.55,31.21,0.5273500082509895,37.735,75.83145620776466,Caution
TATACONSUM,Tata Consumer Products Ltd,Consumer Staples,9.49,3.65,32.3,0.49736052801840835,37.735,-74.85093414601828,Discount
TATACONSUM,Tata Consumer Products Ltd,Consumer Staples,77.06,7.38,38.99,0.39972017945876576,37.735,104.21359480588315,Caution
TATAMOTORS,Tata Motors Ltd,Consumer Discretionary,26.23,11.5,16.82,1.8040610712537752,44.144999999999996,-40.58217238645373,Discount
TATAMOTORS,Tata Motors Ltd,Consumer Discretionary,14.79,1.74,28.04,2.895433977913926,44.144999999999996,-66.49677200135916,Discount
TATAMOTORS,Tata Motors Ltd,Consumer Discretionary,29.26,10.95,26.84,2.452186941758281,44.144999999999996,-33.71842790803035,Discount
TATAMOTORS,Tata Motors Ltd,Consumer Discretionary,67.07,0.93,15.35,4.515304845672379,44.144999999999996,51.931136028995354,Caution
TATAPOWER,"Tata Power Company Ltd
",Energy,22.32,3.71,34.62,0.3135569328798617,42.37,-47.321217842813304,Discount
TATAPOWER,"Tata Power Company Ltd
",Energy,14.5,4.29,31.65,0.525868130740586,42.37,-65.77767288175596,Discount
TATAPOWER,"Tata Power Company Ltd
",Energy,72.1,1.81,29.32,0.5520840966251566,42.37,70.16757139485485,Caution
TATAPOWER,"Tata Power Company Ltd
",Energy,24.7,10.29,14.32,0.45001293269095155,42.37,-41.70403587443946,Discount
TATAPOWER,"Tata Power Company Ltd
",Energy,14.5,3.48,12.02,0.7646593440194133,42.37,-65.77767288175596,Discount
TATASTEEL,"Tata Steel Ltd
",Materials,73.73,10.62,12.63,5.935970628173378,40.61,81.55626692932776,Caution
TATASTEEL,"Tata Steel Ltd
",Materials,19.23,3.0,34.08,6.769399529317091,40.61,-52.647131248460965,Discount
TCS,Tata Consultancy Services Ltd,Information Technology,79.57,11.14,23.13,11.053498196307359,49.555,60.569064675612935,Caution
TCS,Tata Consultancy Services Ltd,Information Technology,8.74,13.8,29.01,10.33833516761899,49.555,-82.36303097568359,Discount
TCS,Tata Consultancy Services Ltd,Information Technology,78.69,6.08,29.94,9.613863669307202,49.555,58.793260014125714,Caution
TECHM,Tech Mahindra Ltd,Information Technology,8.39,4.82,9.69,0.27025985106608913,49.555,-83.06931692059328,Discount
TECHM,Tech Mahindra Ltd,Information Technology,8.39,4.82,9.69,0.27025985106608913,49.555,-83.06931692059328,Discount
TITAN,"Titan Company Ltd
",Consumer Discretionary,18.73,5.89,35.46,-0.026747077193924777,44.144999999999996,-57.57163891720466,Discount
TITAN,"Titan Company Ltd
",Consumer Discretionary,26.55,3.88,13.36,0.29536752608388195,44.144999999999996,-39.85728848114169,Discount
TITAN,"Titan Company Ltd
",Consumer Discretionary,72.03,9.49,25.9,-0.04525713393859416,44.144999999999996,63.166836561332,Caution
TITAN,"Titan Company Ltd
",Consumer Discretionary,28.61,3.98,23.08,0.07356804406934193,44.144999999999996,-35.19084834069543,Discount
TITAN,"Titan Company Ltd
",Consumer Discretionary,10.13,10.51,21.0,0.09449373468072592,44.144999999999996,-77.05289387246573,Discount
TORNTPHARM,Torrent Pharmaceuticals Ltd,Healthcare,78.75,1.44,28.93,0.18700373156689762,37.955,107.48254511922013,Caution
TORNTPHARM,Torrent Pharmaceuticals Ltd,Healthcare,65.62,1.87,33.78,0.11488753598895363,37.955,72.88894743775526,Caution
TRENT,Trent Ltd,Consumer Discretionary,70.85,12.21,27.83,0.0029604390190091905,44.144999999999996,60.49382716049383,Caution
TRENT,Trent Ltd,Consumer Discretionary,78.02,14.33,12.95,0.040708583023355324,44.144999999999996,76.73575716389173,Caution
TRENT,Trent Ltd,Consumer Discretionary,68.1,13.78,13.28,0.009544076503474257,44.144999999999996,54.26435609921848,Caution
TRENT,Trent Ltd,Consumer Discretionary,8.65,11.82,34.65,0.23611901966883683,44.144999999999996,-80.40548193453392,Discount
TVSMOTOR,TVS Motor Company Ltd,Consumer Discretionary,15.6,6.89,21.67,-0.6415393365994069,44.144999999999996,-64.66190961603805,Discount
TVSMOTOR,TVS Motor Company Ltd,Consumer Discretionary,24.28,4.64,9.33,0.21909315171196334,44.144999999999996,-44.99943368444897,Discount
TVSMOTOR,TVS Motor Company Ltd,Consumer Discretionary,68.15,7.31,16.3,0.5567620614688534,44.144999999999996,54.37761920942352,Caution
TVSMOTOR,TVS Motor Company Ltd,Consumer Discretionary,8.52,13.87,7.31,-0.6323805586702808,44.144999999999996,-80.69996602106696,Discount
INDIGO,Interglobe Aviation Ltd,Consumer Discretionary,19.25,10.95,30.38,0.19942442670767285,44.144999999999996,-56.3937025710726,Discount
INDIGO,Interglobe Aviation Ltd,Consumer Discretionary,76.23,7.87,24.64,2.035588111127601,44.144999999999996,72.68093781855252,Caution
